2025-07-29 12:27:52,car,0.6179070472717285,7420
2025-07-29 12:27:52,car,0.8876635432243347,T607 | 1670
2025-07-29 12:27:53,car,0.9115316867828369,T607 T 7420
2025-07-29 12:27:53,car,0.7362686991691589,7420
2025-07-29 12:27:53,car,0.7129806280136108,7420
2025-07-29 12:27:54,car,0.6221582293510437,7420
2025-07-29 12:27:55,car,0.5645799040794373,T7420
2025-07-29 12:27:56,car,0.6072791814804077,TG07 T 7420
2025-07-29 12:27:56,car,0.7003861665725708,7420
2025-07-29 12:27:56,car,0.8726294040679932,7420
2025-07-29 12:27:57,car,0.7180176377296448,7420
2025-07-29 12:27:57,car,0.6412696242332458,TG07 T 7420
2025-07-29 12:27:57,car,0.5143126249313354,7420
2025-07-29 12:27:58,car,0.6218079924583435,7420
2025-07-29 12:27:59,car,0.5158855319023132,TG07 T7420
2025-07-29 12:27:59,car,0.6310357451438904,7420
2025-07-29 12:28:00,car,0.7188049554824829,7L20
2025-07-29 12:28:00,car,0.6393951177597046,7420
2025-07-29 12:28:01,car,0.5247429609298706,BOTTLE UBT?
2025-07-29 12:28:01,car,0.6604382395744324,7420
2025-07-29 12:28:02,car,0.8401854634284973,7420
2025-07-29 12:28:03,car,0.535236656665802,7420
2025-07-29 12:28:03,car,0.8398690819740295,7420
2025-07-29 12:28:04,car,0.8220545649528503,7420
2025-07-29 12:28:04,car,0.7174522280693054,TG07 T7420
2025-07-29 12:28:05,car,0.7097584009170532,7420
2025-07-29 12:28:05,car,0.6146412491798401,7420
2025-07-29 12:28:05,car,0.8818968534469604,7420
2025-07-29 12:28:06,car,0.9067010879516602,TG6T1 TKZM
2025-07-29 12:28:06,car,0.8571064472198486,7420
2025-07-29 12:28:06,car,0.7459291815757751,TC0/1 / 0
2025-07-29 12:28:07,car,0.83999103307724,DOTON
2025-07-29 12:28:07,car,0.8654115200042725,COTON
2025-07-29 12:28:08,car,0.8069185018539429,COTORT
2025-07-29 12:28:08,car,0.8957277536392212,DOTON
2025-07-29 12:28:09,car,0.8552237153053284,IDAA
2025-07-29 12:28:09,car,0.90650874376297,COLONT
2025-07-29 12:28:09,car,0.8888589143753052,DOTON
2025-07-29 12:28:10,car,0.8842611312866211,DOTUN
2025-07-29 12:28:10,car,0.8932774066925049,ADTODT
2025-07-29 12:28:11,car,0.8798044323921204,ESTONT
2025-07-29 12:28:11,car,0.7985569834709167,MEEOCOT
2025-07-29 12:28:11,car,0.8387607932090759,NORNA
2025-07-29 12:28:12,car,0.7968295812606812,NORIANA
2025-07-29 12:28:13,car,0.8290539979934692,INORTEAAN
2025-07-29 12:28:13,car,0.584561288356781,TG07 T 7LZ0
2025-07-29 12:28:13,car,0.7515043020248413,TG07T7620
2025-07-29 12:28:14,car,0.5955021977424622,TGO7T7L20
2025-07-29 12:28:14,car,0.7110715508460999,TGOZT7420
2025-07-29 12:28:14,car,0.6654617190361023,1607 [
2025-07-29 12:28:15,car,0.7174271941184998,EENO
2025-07-29 12:28:15,car,0.7839193344116211,"INA"""
2025-07-29 12:28:16,car,0.7517798542976379,SHNE
2025-07-29 12:28:16,car,0.6000295281410217,OJOY
2025-07-29 12:28:16,car,0.7756703495979309,1420
2025-07-29 12:28:17,car,0.7102408409118652,(ZAF) YOC
2025-07-29 12:28:17,car,0.8707408905029297,NORUTA ANCUINDO3S1 6267
2025-07-29 12:28:17,car,0.772814154624939,RONIRANICOINNPOJ91 0367
2025-07-29 12:28:18,car,0.5227237939834595,RONNRA NINOINNPOJ91 0267
2025-07-29 12:28:18,car,0.7879435420036316,CDDCG
2025-07-29 12:28:18,car,0.6900070905685425,JAIU '
2025-07-29 12:28:19,car,0.7888566255569458,NONLANE C
2025-07-29 12:28:19,car,0.7282312512397766,TTGO7T7L201
2025-07-29 12:28:20,car,0.7408256530761719,CETETEON _
2025-07-29 12:28:25,car,0.8412765860557556,7420
2025-07-29 12:28:25,car,0.5086718201637268,BCTTLE
2025-07-29 12:28:25,car,0.777753472328186,7420
2025-07-29 12:28:26,car,0.7419095635414124,7 420
2025-07-29 12:28:26,car,0.8196813464164734,7420
2025-07-29 12:28:27,car,0.7157787680625916,TG07 T 7420
2025-07-29 12:28:27,car,0.7176544070243835,7420
2025-07-29 12:28:27,car,0.6359269618988037,7420
2025-07-29 12:28:28,car,0.7745140194892883,7420
2025-07-29 12:28:28,car,0.7988243699073792,7420
2025-07-29 12:28:29,car,0.7093862891197205,TSOFEAEAD
2025-07-29 12:28:29,car,0.8402619957923889,TC07 W7D
2025-07-29 12:28:30,car,0.7599524259567261,7420
2025-07-29 12:28:30,car,0.8431529402732849,7420
2025-07-29 12:28:30,car,0.8420946002006531,TG07T 7420
2025-07-29 12:28:31,car,0.8925515413284302,7420
2025-07-29 12:28:31,car,0.7376165986061096,OJOY
2025-07-29 12:28:32,car,0.8959770798683167,TG07 T 7L20
2025-07-29 12:28:32,car,0.7205501198768616,0JJOY
2025-07-29 12:28:33,car,0.9179179668426514,TG 07 T 7420
2025-07-29 12:28:33,car,0.887637197971344,TG07 T 7L20
2025-07-29 12:28:34,car,0.8768081665039062,TG 07 T 7420
2025-07-29 12:28:34,car,0.8836516737937927,T 7420
2025-07-29 12:28:34,car,0.9001267552375793,TG 07 T 7420
2025-07-29 12:28:35,car,0.8850163221359253,7420
2025-07-29 12:28:35,car,0.9207642674446106,TG07 T 7420
2025-07-29 12:28:36,car,0.8844001293182373,TG07 T 7420
2025-07-29 12:28:36,car,0.8778110146522522,7L20
2025-07-29 12:28:37,car,0.8983803987503052,TG07 T 7420
2025-07-29 12:28:38,car,0.8991926908493042,7420
2025-07-29 12:28:39,car,0.9210479259490967,7420
2025-07-29 12:28:39,car,0.9020180106163025,7420
2025-07-29 12:28:40,car,0.9102288484573364,TG07 T 7420
2025-07-29 12:28:40,car,0.9268028736114502,7420
2025-07-29 12:28:41,car,0.9134178161621094,7420
2025-07-29 12:28:41,car,0.89495849609375,TG 07 T7420
2025-07-29 12:28:42,car,0.911132276058197,T7420
2025-07-29 12:28:58,car,0.8757403492927551,IG0711670
2025-07-29 12:28:58,car,0.906377911567688,TG07 T 7420
2025-07-29 12:28:59,car,0.9120786190032959,TG0Z I 7420
2025-07-29 12:28:59,car,0.9047853350639343,TG0Z T
2025-07-29 12:28:59,car,0.8721987009048462,TGOZI 7L20
2025-07-29 12:29:00,car,0.8420631885528564,TG07 T
2025-07-29 12:29:00,car,0.9145295023918152,TG0Z I 7L20
2025-07-29 12:29:01,car,0.8948888778686523,MOTON
2025-07-29 12:29:01,car,0.9299719333648682,TG0Z T
2025-07-29 12:29:01,car,0.9245542287826538,OTORT
2025-07-29 12:29:02,car,0.8983601927757263,TG0ZT 7L20
2025-07-29 12:29:02,car,0.9112709164619446,TG0Z1
2025-07-29 12:29:02,car,0.9190201163291931,TGOZ T
2025-07-29 12:29:03,car,0.8679815530776978,TG0Z T
2025-07-29 12:29:03,car,0.8754957318305969,TG0ZT
2025-07-29 12:29:03,car,0.8601758480072021,TG0ZI 7L20
2025-07-29 12:29:04,car,0.8130375146865845,OTON
2025-07-29 12:29:04,car,0.8972560167312622,TG0Z T
2025-07-29 12:29:04,car,0.9142685532569885,ICAL
2025-07-29 12:29:05,car,0.9081583619117737,TG0ZI 7L20
2025-07-29 12:29:05,car,0.8771234750747681,TG0Z 1 7420
2025-07-29 12:29:06,car,0.8977228999137878,MOTONT
2025-07-29 12:29:06,car,0.875703752040863,MOTOR
2025-07-29 12:29:06,car,0.9066720008850098,TOTURT
2025-07-29 12:29:07,car,0.9125282168388367,HOTON
2025-07-29 12:29:07,car,0.9038702249526978,MOTOR
2025-07-29 12:29:07,car,0.9200616478919983,TG0Z
2025-07-29 12:29:08,car,0.901209831237793,OTUN
2025-07-29 12:29:08,car,0.9153254628181458,TG0Z T
2025-07-29 12:29:08,car,0.9086079001426697,OTUN
2025-07-29 12:29:09,car,0.8938035368919373,MOTOR
2025-07-29 12:29:09,car,0.8532957434654236,TOTON
2025-07-29 12:29:10,car,0.8408276438713074,KEEO
2025-07-29 12:29:10,car,0.827766478061676,SEOJ 
2025-07-29 12:29:11,car,0.8857340216636658,ICAE
2025-07-29 12:29:11,car,0.8190230131149292,FOTON
2025-07-29 12:29:11,car,0.8380699157714844,MOTUN
2025-07-29 12:29:12,car,0.8018266558647156,TENE
2025-07-29 12:29:12,car,0.8266155123710632,UTOA
2025-07-29 12:29:12,car,0.8578914999961853,ICNB
2025-07-29 12:29:13,car,0.9065341949462891,HOTUN
2025-07-29 12:29:13,car,0.8646620512008667,MOTOR
2025-07-29 12:29:13,car,0.8770577311515808,OTOR
2025-07-29 12:29:14,car,0.8597624897956848,TEAD
2025-07-29 12:29:14,car,0.8994258046150208,OTON
2025-07-29 12:30:54,car,0.7703633308410645,TS09EX55/9
2025-07-29 12:30:56,car,0.7828795313835144,NORUY9 NINONINPOJOT
2025-07-29 12:30:56,car,0.7823984026908875,HOTDTE TI MIOILINPOJBI 9367
2025-07-29 12:30:57,car,0.8572602868080139,NORWANLPOL80J91097
2025-07-29 12:30:57,car,0.7407081723213196,NORTIVANIOLINNO3O1 0367
2025-07-29 12:30:58,car,0.7918760180473328,NON9NIOLTI.00391 0367
2025-07-29 12:30:58,car,0.756749153137207,ALNOLINE0901 0367
2025-07-29 12:30:59,car,0.5786141753196716,FIOITETIILNOUINPO3OT0267
2025-07-29 12:30:59,car,0.7669263482093811,NOANA NINOIJINN039103C]
2025-07-29 12:31:00,car,0.6169542074203491,NOMA NI NOBING0391 9367
2025-07-29 12:31:00,car,0.7125246524810791,NONUANOLINPOJOU
2025-07-29 12:31:01,car,0.554082989692688,ALGH
2025-07-29 12:31:02,car,0.6140925288200378,DLOH
2025-07-29 12:31:02,car,0.6691076755523682,NORIA NLNOILINPO391 0307
2025-07-29 12:31:03,car,0.5207034945487976,DLOH
2025-07-29 12:31:07,truck,0.5732117891311646,JUEHU
2025-07-29 12:31:08,car,0.589954137802124,TSO9EX55L8
2025-07-29 12:31:08,truck,0.510836660861969,TSO9EX55L8
2025-07-29 12:31:08,car,0.5098300576210022,TSO9EX55L8
2025-07-29 12:31:09,car,0.6585309505462646,TSO9EX55L8
2025-07-29 12:31:09,car,0.5785327553749084,TSO9EX55L8
2025-07-29 12:31:09,truck,0.5685985088348389,TSO9EX5548
2025-07-29 12:31:10,car,0.6709539890289307,TSO9EX5548
2025-07-29 12:31:10,truck,0.5918238162994385,NOTIANNOL
2025-07-29 12:31:10,car,0.5330720543861389,NOUIININOL
2025-07-29 12:31:11,car,0.7348541617393494,TSO9EX5548
2025-07-29 12:31:11,car,0.6249828338623047,91937
2025-07-29 12:31:11,car,0.587820291519165,TSO9EX55L8
2025-07-29 12:31:12,car,0.688251793384552,TSO9EX55L8
2025-07-29 12:31:12,car,0.6899729371070862,PINPO29NE
2025-07-29 12:31:12,car,0.5952755212783813,15597
2025-07-29 12:31:13,car,0.7918517589569092,TSO9EX5SL8
2025-07-29 12:31:13,car,0.8276568651199341,TSO9EX55L8
2025-07-29 12:32:32,car,0.6898515820503235,"680""XU"" AU"
2025-07-29 12:32:32,car,0.7453492879867554,TSO9EX55L8
2025-07-29 12:32:33,car,0.6857956647872925,"T,09E/5578"
2025-07-29 12:32:33,car,0.6801893711090088,TSO9EX55L8
2025-07-29 12:32:34,car,0.7971726655960083,TSO9EX55L8
2025-07-29 12:32:34,car,0.8246716856956482,TSO9EX55L8
2025-07-29 12:32:34,car,0.8390148282051086,~TSO9EX55L8
2025-07-29 12:32:35,car,0.871765673160553,TSO9EX55L8
2025-07-29 12:32:35,car,0.8695415258407593,TSO9EX55L8
2025-07-29 12:32:35,car,0.7749119400978088,13ASLU
2025-07-29 12:32:36,car,0.8181975483894348,TSO9EX5SL8
2025-07-29 12:32:36,car,0.7598070502281189,TSO9EX5SL8
2025-07-29 12:32:37,car,0.6943350434303284,TSO9EX55L8
2025-07-29 12:32:37,car,0.70696622133255,TSO9EX55L8
2025-07-29 12:32:37,car,0.7679266333580017,TSO9EX55L8
2025-07-29 12:32:38,car,0.7947099208831787,TSO9EX55L8
2025-07-29 12:32:38,car,0.8482526540756226,TSO9EX55L8
2025-07-29 12:32:39,car,0.8693710565567017,TSO9EX55L8
2025-07-29 12:32:39,car,0.5693604350090027,TSO9EX5SL8
2025-07-29 12:32:40,car,0.5367879271507263,TSO9EX55L8
2025-07-29 12:32:40,car,0.5366338491439819,TSO9EX55L8]
2025-07-29 12:32:40,car,0.7364724278450012,TSO9EX5SL8
2025-07-29 12:32:41,car,0.7182116508483887,TSO9EX5SL8
2025-07-29 12:32:41,car,0.6055310964584351,TSO9EX55L8
2025-07-29 12:32:42,car,0.5636387467384338,TSO9EX55L8
2025-07-29 12:32:42,car,0.6692689657211304,TSO9EX55L8
2025-07-29 12:32:42,car,0.6574023365974426,TSO9EX55L8
2025-07-29 12:32:43,car,0.5244500637054443,TSO9EX5SL8
2025-07-29 12:32:44,car,0.6793674826622009,TSO9EX55L8
2025-07-29 12:32:44,car,0.5516776442527771,TSO9EX55L8
2025-07-29 12:32:44,car,0.7414947748184204,TSO9EX55L8
2025-07-29 12:32:45,car,0.5954635143280029,TSO9EX5548
2025-07-29 12:32:47,car,0.6539451479911804,TSO9EX55L8
2025-07-29 12:32:48,car,0.7483586668968201,TSO9EX55L8I
2025-07-29 12:32:48,car,0.7272175550460815,TSO9EX55L8
2025-07-29 12:32:48,car,0.6796127557754517,TSO9EX5SL8
2025-07-29 12:32:49,car,0.5404936671257019,TSO9EX55L8
2025-07-29 12:32:50,car,0.6328156590461731,TSO9EX55L8
2025-07-29 12:32:50,car,0.6324424147605896,IS09EX5SL8
2025-07-29 12:35:57,car,0.754714846611023,TSO9EX55L8
2025-07-29 12:35:58,car,0.5948609113693237,TSO9EX55L8
2025-07-29 12:35:58,car,0.729712188243866,TSO9EX55L8
2025-07-29 12:36:00,car,0.7395363450050354,TSO9EX5SLBI
2025-07-29 12:36:00,car,0.8439579010009766,TSO9EX55L8;
2025-07-29 12:36:00,car,0.7809774279594421,TSO9EX5SL8
2025-07-29 12:36:01,car,0.7939379811286926,TSO9EX55L8
2025-07-29 12:36:01,car,0.8371589183807373,TSO9EX55L8
2025-07-29 12:36:02,car,0.5502821803092957,TSO9EX55Z8
2025-07-29 12:36:02,car,0.6677112579345703,TSO9EX55L8
2025-07-29 12:36:03,car,0.7569109797477722,TSO9EX5SL8;
2025-07-29 12:36:03,car,0.7306525111198425,TSO9EX55L8
2025-07-29 12:36:03,car,0.6942413449287415,TSO9EX55L8
2025-07-29 12:36:04,car,0.7320257425308228,TSO9EX5SL8
2025-07-29 12:36:05,car,0.6188919544219971,"TSO9EX5' /,0"
2025-07-29 12:36:05,car,0.6396650075912476,TSO9EX55L8
2025-07-29 12:36:07,car,0.5383613109588623,TSO9EXS5LB
2025-07-29 12:36:07,car,0.7990073561668396,TSO9EX5SLB
2025-07-29 12:36:09,car,0.5437417030334473,NONIANNOUINPO_910369
2025-07-29 12:36:09,truck,0.5279203057289124,NONIANNOUINPO_910369 (0.11)
2025-07-29 12:36:09,car,0.7953469753265381, NNNOMNDES
2025-07-29 12:36:10,car,0.786214292049408,MERR
2025-07-29 12:36:11,car,0.8043251633644104,TSO9EXSSZ8
2025-07-29 12:36:11,car,0.780646026134491,TSO9EX55L8;
2025-07-29 12:36:12,car,0.785318911075592,TSO9EX55L8
2025-07-29 12:36:12,car,0.6108059287071228,TSO9EXSSL8
2025-07-29 12:37:58,car,0.9178948402404785,"""TG 09 0 3860"
2025-07-29 12:37:58,car,0.9402800798416138,TG 09 0 3860
2025-07-29 12:37:59,car,0.9163376092910767,"""TG 09 D 3860"
2025-07-29 12:37:59,car,0.9092342853546143,TG 09 D 3860
2025-07-29 12:37:59,car,0.9134815335273743,"""TG 09 D 38607"
2025-07-29 12:38:00,car,0.9310865998268127,"""TG 09 0 38607"
2025-07-29 12:38:00,car,0.9209570288658142,"""TG 09 0 3860"
2025-07-29 12:38:00,car,0.9168468713760376,"""TG 09 D 3860"
2025-07-29 12:38:01,car,0.8971711993217468,"""TG 09 0 386070O5S1"
2025-07-29 12:38:01,car,0.9091591835021973,"""TG 09 0 3860"
2025-07-29 12:38:02,car,0.9180129766464233,"""TG 09 D 3860"
2025-07-29 12:38:02,car,0.929288387298584,TG 09 D 3860 E0351
2025-07-29 12:38:02,car,0.9448204040527344,0O3919
2025-07-29 12:38:03,car,0.9545502066612244,00J91 93
2025-07-29 12:38:03,car,0.958284854888916,INPOJ
2025-07-29 12:38:03,car,0.9551755785942078,NOLTINPOJ
2025-07-29 12:38:04,car,0.9607811570167542,NONJINP
2025-07-29 12:38:04,car,0.927827775478363,TEO?-2BE0
2025-07-29 12:38:05,car,0.9262102842330933,TG 09 0 3860
2025-07-29 12:38:06,car,0.9366397857666016,"""TG 09 D 38601"
2025-07-29 12:38:06,car,0.948326587677002,"""TG 09 D 38607"
2025-07-29 12:38:06,car,0.9193876385688782,"""TC 09 0 3860"
2025-07-29 12:38:07,car,0.9266296625137329,TG 09 D 3860
2025-07-29 12:38:07,car,0.9338868856430054,TG 09 D 38607
2025-07-29 12:38:07,car,0.9035534858703613,"""TG 09 D 38607"
2025-07-29 12:38:08,car,0.9314729571342468,"""TG 09 0 3860"
2025-07-29 12:38:08,car,0.9341898560523987,CIG 09 D 38607
2025-07-29 12:38:09,car,0.9002458453178406,"""IG 09 D 3860"
2025-07-29 12:38:09,car,0.9393333196640015,"""TG 09 D 38601"
2025-07-29 12:38:09,car,0.9374772310256958,TG 09 0 3860
2025-07-29 12:38:10,car,0.9477865099906921,CIG 09 D 3860
2025-07-29 12:38:10,car,0.9468080997467041,MRAN NOUTINGO391 9347
2025-07-29 12:38:11,car,0.9403493404388428,NONNANI NOBINT
2025-07-29 12:38:11,car,0.9437034130096436,NONI
2025-07-29 12:38:12,car,0.951909065246582,TG 09 D 3860
2025-07-29 12:38:25,car,0.6488149166107178,TS08JUO8 10
2025-07-29 12:38:26,car,0.6536548733711243,DLOH
2025-07-29 12:38:26,car,0.6452067494392395,NORFV9 NL NOLJINPOJ9T 8367
2025-07-29 12:38:27,car,0.7930490374565125,NORLIVA NI NOIJINPOJ91 0367
2025-07-29 12:38:28,car,0.6252917051315308,NORIV9 NI NCITINGOJO1 096
2025-07-29 12:38:28,car,0.6357342600822449,NORLTV4 NI NOITINDO3ST 6307
2025-07-29 12:38:36,car,0.6563934087753296,TSO8JUO8 10
2025-07-29 12:38:38,car,0.614882230758667,FTSO8 JUO8 107
2025-07-29 12:38:38,car,0.5530492067337036,ISO8JU0810
2025-07-29 12:38:39,car,0.7177603840827942,TS08JUO810
2025-07-29 12:38:39,car,0.6742798686027527,TS08JUO810
2025-07-29 12:38:40,car,0.6689509153366089,FTS08JU08107
2025-07-29 12:38:41,car,0.7374760508537292,EIS08JU0810
2025-07-29 12:38:41,car,0.7233564853668213,FTS08JUO810]
2025-07-29 12:38:41,car,0.6486340761184692,TS08JU08101
2025-07-29 12:38:42,car,0.5549337267875671,EIS08JU08 10
2025-07-29 12:38:42,car,0.5002709031105042,TS08JU0810
2025-07-29 12:38:43,car,0.5090227127075195,ETSO8JU0810
2025-07-29 12:38:43,car,0.5003747940063477,TS08JU0810
2025-07-29 12:38:43,car,0.5853384137153625,'TS08JU0810
2025-07-29 12:38:44,car,0.6865838766098022,TS08JU0810 
2025-07-29 12:38:44,car,0.7923188805580139,TS08JU0810
2025-07-29 12:38:44,car,0.5672053098678589,TS08JU0810
2025-07-29 12:38:45,car,0.5868882536888123,ETS08JU0810]
2025-07-29 12:38:45,car,0.5585575103759766,TSO8JU08101
2025-07-29 12:39:42,car,0.8518980741500854,"""15074K73E0"
2025-07-29 12:39:43,car,0.8510308861732483,"""T507473E0"
2025-07-29 12:39:43,car,0.8023269772529602,"""T507007380"
2025-07-29 12:39:43,car,0.9133754372596741,"""T5074K7380"
2025-07-29 12:39:44,car,0.8818506002426147,"""1S074473E0"
2025-07-29 12:39:44,car,0.8180656433105469,"""150707380"
2025-07-29 12:39:44,car,0.7883736491203308,"""T507007380"
2025-07-29 12:39:45,car,0.7562685608863831,"""1507447380"
2025-07-29 12:39:45,car,0.6955763697624207,"""TS070473E0"
2025-07-29 12:39:45,car,0.7494588494300842,4T5070K7380
2025-07-29 12:39:46,car,0.8054400086402893,"""T5070473E0"
2025-07-29 12:39:46,car,0.7684664130210876,"""1507407380"
2025-07-29 12:39:46,car,0.8431861996650696,"""TS07407380"
2025-07-29 12:39:47,car,0.8208896517753601,CTS074K7380
2025-07-29 12:39:47,car,0.7713066935539246,"""1507087380"
2025-07-29 12:39:47,car,0.8313896656036377,'1507407380
2025-07-29 12:39:48,car,0.6948675513267517,41507407380
2025-07-29 12:39:48,car,0.7051164507865906,6150747380
2025-07-29 12:39:48,car,0.8140249252319336,0150747360
2025-07-29 12:39:49,car,0.8134166598320007,21507467300
2025-07-29 12:39:49,car,0.8088235259056091,515074673E0
2025-07-29 12:39:50,car,0.6558113694190979,01537 .7Z80
2025-07-29 12:39:50,car,0.6605091691017151,61657-67260
2025-07-29 12:39:51,car,0.6697614789009094,31537467280
2025-07-29 12:39:51,car,0.7023323178291321,61507467280
2025-07-29 12:39:52,car,0.7202792167663574,41507487Z60
2025-07-29 12:39:52,car,0.7479197382926941,01537 67300
2025-07-29 12:39:53,car,0.777077317237854,15O7W7ZE0
2025-07-29 12:39:53,car,0.7882763147354126,0TS07 07380
2025-07-29 12:39:53,car,0.7777296900749207,CTS07407380
2025-07-29 12:39:53,car,0.7718835473060608,'1507407380
2025-07-29 12:39:54,car,0.7808712720870972,"""1507447380"
2025-07-29 12:39:54,car,0.5236216187477112,"""150747380"
2025-07-29 12:39:55,car,0.551263689994812,"""1507487380"
2025-07-29 12:39:57,car,0.5104681849479675,415074067380
2025-07-29 12:39:57,car,0.5675514340400696,'1507407300
2025-07-29 12:39:57,car,0.8800361156463623,F150747380
2025-07-29 12:39:58,car,0.7400777339935303,285074487380
2025-07-29 12:39:58,car,0.7790394425392151,4150747380
2025-07-29 12:39:59,car,0.8572022914886475,2750747380
2025-07-29 12:39:59,car,0.767039954662323,41507487380
2025-07-29 12:40:00,car,0.719911515712738,21507407380
2025-07-29 12:40:00,car,0.7206540703773499,07507467380
2025-07-29 12:40:01,car,0.6637547612190247,4150767380
2025-07-29 12:40:01,car,0.7483539581298828,2150787ZE0
2025-07-29 12:40:02,car,0.8390341401100159,C1S07487380
2025-07-29 12:40:02,car,0.7199898958206177,21507487380
2025-07-29 12:40:02,car,0.7339307069778442,21507407380
2025-07-29 12:40:03,car,0.7328259348869324,CTS07407380
2025-07-29 12:40:03,car,0.7150912284851074,6150747380
2025-07-29 12:40:03,car,0.5304760932922363,"""1507407380"
2025-07-29 12:40:04,car,0.8132554292678833,"""T507487380"
2025-07-29 12:40:04,car,0.7390202283859253,01507487380
2025-07-29 12:40:05,car,0.7681648135185242,4150747380
2025-07-29 12:40:05,car,0.5267652273178101,4150747380
2025-07-29 12:40:05,car,0.601665735244751,'1507447380
2025-07-29 12:40:06,car,0.5467200875282288,41507487380
2025-07-29 12:40:06,car,0.6799551844596863,21507487380
2025-07-29 12:40:06,car,0.5273347496986389,215074073E0
2025-07-29 12:40:07,car,0.6488349437713623,9657 7Z0
2025-07-29 12:40:08,car,0.5028243064880371,215077360
2025-07-29 12:40:09,car,0.5640996098518372,21507473E0
2025-07-29 12:40:25,car,0.8726948499679565,E | EL 13
2025-07-29 12:40:26,car,0.8306973576545715,T 3]
2025-07-29 12:40:26,car,0.7752296924591064,LE 33
2025-07-29 12:40:27,car,0.7922407388687134,LE 4J
2025-07-29 12:40:29,car,0.8123349547386169,"IL ,]"
2025-07-29 12:40:29,car,0.8351786732673645,LE494
2025-07-29 12:40:30,car,0.8874298334121704,"JL ,1"
2025-07-29 12:40:31,car,0.8640899658203125,JI2>
2025-07-29 12:40:31,car,0.8311929702758789,"ILL,]"
2025-07-29 12:40:31,car,0.8799727559089661,JE]LE 92
2025-07-29 12:40:31,car,0.8759687542915344,JL>J
2025-07-29 12:40:32,car,0.8626709580421448,LL3}
2025-07-29 12:40:32,car,0.813969075679779,JL 41 4
2025-07-29 12:40:33,car,0.8812251687049866,AEE 924
2025-07-29 12:40:33,car,0.8806739449501038,EL49
2025-07-29 12:40:33,car,0.8646981716156006,J ){0~
2025-07-29 12:40:33,car,0.8624945282936096,TE ] EE 9344
2025-07-29 12:40:34,car,0.8337317109107971,JA>J
2025-07-29 12:40:34,car,0.8562335968017578,J023
2025-07-29 12:40:34,car,0.8063178658485413,EEE92K
2025-07-29 12:40:35,car,0.8457283973693848,J >>
2025-07-29 12:40:35,car,0.8765491843223572,I )J
2025-07-29 12:40:35,car,0.8195137977600098,JL0-
2025-07-29 12:40:37,car,0.8659973740577698,TU>>
2025-07-29 12:40:38,car,0.8350195288658142,ILR>:
2025-07-29 12:40:40,car,0.8002569079399109,J I4 >
2025-07-29 12:40:41,car,0.8377904295921326,JEL>>
2025-07-29 12:40:41,car,0.7997015118598938,IL >>
2025-07-29 12:40:55,truck,0.8326960802078247,SOUIG/S1
2025-07-29 12:40:56,truck,0.734512209892273,TSO8FG975 1
2025-07-29 12:40:56,car,0.51530522108078,TS08F6375
2025-07-29 12:40:56,truck,0.7501114010810852,TSO8FG9751
2025-07-29 12:40:57,truck,0.7276061773300171,TS08FG975 1
2025-07-29 12:40:57,truck,0.7140033841133118,TSO8FG975 1
2025-07-29 12:40:57,truck,0.8086385726928711,TSOBFG9751
2025-07-29 12:40:57,truck,0.8032270073890686,TSOBFG975 1
2025-07-29 12:40:58,truck,0.7838855981826782,TSO8FG975 1
2025-07-29 12:40:58,truck,0.8091228008270264,TSO8FG975 1
2025-07-29 12:40:58,truck,0.7891007661819458,TSO8FG975 1
2025-07-29 12:40:58,truck,0.7461037635803223,TSO8FG975 1
2025-07-29 12:40:58,truck,0.7978658676147461,TSO8FG975 1
2025-07-29 12:40:59,truck,0.7532143592834473,TS08FG975 1
2025-07-29 12:40:59,truck,0.7958200573921204,TSOBFG975 1
2025-07-29 12:40:59,truck,0.6975885033607483,TSO8FG975 1
2025-07-29 12:41:00,truck,0.7463398575782776,TS08FG9751
2025-07-29 12:41:00,truck,0.5671051740646362,TSO8FG9751
2025-07-29 12:41:00,car,0.5347502827644348,TSO8FG9751
2025-07-29 12:41:00,truck,0.6450462341308594,TSO8FG9751
2025-07-29 12:41:01,truck,0.5439469814300537,TSO8FG9751
2025-07-29 12:41:01,truck,0.5036237239837646,TSO8FG9751
2025-07-29 12:41:01,truck,0.7548366189002991,TSOBFG9751
2025-07-29 12:41:02,truck,0.6118062734603882,TSO8FG9751
2025-07-29 12:41:02,car,0.5231629014015198,"TSOBFOR,   {0 43)"
2025-07-29 12:41:02,truck,0.7001261115074158,TSO8FG975 1
2025-07-29 12:41:02,truck,0.6036375164985657,TSO8FG975 1
2025-07-29 12:41:02,truck,0.6394283175468445,TSOBFG9751
2025-07-29 12:41:03,car,0.5632472634315491,TSOBFO-  '094)
2025-07-29 12:41:03,car,0.6212537288665771,TSOBFG9751
2025-07-29 12:41:03,truck,0.5787073373794556,TSOBFOV  '0 33)
2025-07-29 12:41:03,car,0.670220673084259,TSO8FG975 1
2025-07-29 12:41:03,car,0.6656857132911682,TSO8FG975 1
2025-07-29 12:41:04,truck,0.6102882027626038,TSO8FG9751
2025-07-29 12:41:04,car,0.5033918023109436,"TSOBFG-,   I^ 38)"
2025-07-29 12:41:04,car,0.683896005153656,TSO8FG975 1
2025-07-29 12:41:04,truck,0.5174753665924072,"TSOBFO ,"
2025-07-29 12:41:04,truck,0.6233030557632446,TSO8FG9751
2025-07-29 12:41:05,car,0.5652333498001099,TS08FG-+< '^ 75)
2025-07-29 12:41:05,truck,0.7816227674484253,TS  
2025-07-29 12:41:06,truck,0.7612422108650208,TSOBFG975 1
2025-07-29 12:41:06,truck,0.7582353353500366,TSO8FG975 1
2025-07-29 12:41:06,truck,0.7406540513038635,TSOBFG975
2025-07-29 12:41:07,truck,0.7983418107032776,TS08FG975
2025-07-29 12:41:07,truck,0.7374527454376221,TSOBFG975:
2025-07-29 12:41:08,truck,0.5725387930870056,TSO8FG975 1
2025-07-29 12:41:08,truck,0.6457334160804749,TSOBFG975 1
2025-07-29 12:41:08,truck,0.588262140750885,TSOBFG975 1
2025-07-29 12:41:09,truck,0.7807855606079102,TSOBFG975:
2025-07-29 12:41:09,truck,0.7859862446784973,TSOBFG975 1
2025-07-29 12:41:09,truck,0.6928377747535706,TSOBFG975 1
2025-07-29 12:41:09,car,0.561708390712738,TSOBFC975
2025-07-29 12:41:10,truck,0.7933598160743713,TSOBFG975 1
2025-07-29 12:41:10,truck,0.7474914193153381,TSOBFG975 1
2025-07-29 12:41:10,car,0.5657256841659546,TSOBFC975
2025-07-29 12:41:10,car,0.6655128002166748,TSOBFG975 1
2025-07-29 12:41:11,truck,0.5341628789901733,TSOBFC975
2025-07-29 12:41:11,truck,0.6512128710746765,TSOBFG975 1
2025-07-29 12:41:11,car,0.5593190789222717,TSOBFC975
2025-07-29 12:41:11,truck,0.7424124479293823,TSOBFG975 1
2025-07-29 12:41:12,truck,0.7301255464553833,TSOFG975 1
2025-07-29 12:41:12,truck,0.5375787019729614,TSO8FG975 1
2025-07-29 12:41:13,truck,0.6803041100502014,TSOBFG975 1
2025-07-29 12:41:20,car,0.5450848340988159,TS12 ET 1723 
2025-07-29 12:41:21,car,0.6296970844268799,TS12 ET 1723]
2025-07-29 12:41:21,car,0.7205439805984497,TS12 ET 17231
2025-07-29 12:41:21,car,0.5813494920730591,TS12 ET
2025-07-29 12:41:22,car,0.5105099081993103,TS12 ET
2025-07-29 12:41:22,car,0.645928144454956,TS12 ET 1723
2025-07-29 12:41:22,car,0.7638788819313049,TS12 ET
2025-07-29 12:41:23,car,0.7128156423568726,TS12 ET
2025-07-29 12:41:23,car,0.6183388233184814,TS12 ET 17231
2025-07-29 12:41:23,car,0.7537411451339722,TS12 ET
2025-07-29 12:41:24,car,0.653093159198761,TS12 ET
2025-07-29 12:41:24,car,0.717521071434021,TS12 ET
2025-07-29 12:41:24,car,0.7542288303375244,TS12 ET
2025-07-29 12:41:25,car,0.6539807915687561,T812 ET 4723]
2025-07-29 12:41:25,car,0.5685456991195679,TS12 ET
2025-07-29 12:41:26,car,0.6956875324249268,TS12 ET
2025-07-29 12:41:26,car,0.6577107906341553,TS12 ET 4723}
2025-07-29 12:41:26,car,0.6347902417182922,TS12 ET
2025-07-29 12:41:27,car,0.6501885652542114,TS12 ET
2025-07-29 12:41:27,car,0.6521136164665222,TS12 ET
2025-07-29 12:41:28,car,0.6536489129066467,TS12 ET
2025-07-29 12:41:28,car,0.671228289604187,TS12 ET 1723}
2025-07-29 12:41:28,car,0.6399392485618591,TS12 ET
2025-07-29 12:41:29,car,0.6689675450325012,TS12 ET
2025-07-29 12:41:29,car,0.7253648042678833,TS12 ET 17231
2025-07-29 12:41:30,car,0.8374161124229431,TS12 ET 17231
2025-07-29 12:41:30,car,0.8061655759811401,TS12 ET 17231
2025-07-29 12:41:30,car,0.6720514893531799,TS12 ET 1723}
2025-07-29 12:41:31,car,0.7792345285415649,TS12 ET
2025-07-29 12:41:31,car,0.7743979692459106,TS12 ET 1723
2025-07-29 12:41:31,car,0.777790904045105,TS12 ET
2025-07-29 12:41:32,car,0.6397711038589478,TS12 ET 17231
2025-07-29 12:41:32,car,0.7097233533859253,TS12 ET
2025-07-29 12:41:33,car,0.7626471519470215,TS12 ET
2025-07-29 12:41:33,car,0.7737963795661926,TS12 ET 17231
2025-07-29 12:41:34,car,0.7151760458946228,TS12 ET
2025-07-29 12:41:34,car,0.7318260669708252,TS12 ET
2025-07-29 12:41:35,car,0.81008380651474,TS12 ET
2025-07-29 12:41:35,car,0.786562442779541,TS12 ET
2025-07-29 12:41:35,car,0.7455226182937622,TS12 ET
2025-07-29 12:41:36,car,0.7835940718650818,TS12 ET
2025-07-29 12:41:36,car,0.6946519613265991,TS12 ET
2025-07-29 12:41:36,car,0.789225697517395,TS12 ET
2025-07-29 12:41:37,car,0.732178807258606,TS12 ET
2025-07-29 12:41:37,car,0.7850633859634399,TS12 ET 1723}
2025-07-29 12:41:37,car,0.8718642592430115,TS12 ET
2025-07-29 12:41:38,car,0.8844479918479919,TS12 ET 1723]
2025-07-29 12:41:38,car,0.768753707408905,TS12 ET
2025-07-29 12:41:38,car,0.799492359161377,TS12 ET
2025-07-29 12:41:39,car,0.7481637001037598,TS12 ET
2025-07-29 12:41:39,car,0.8075772523880005,TS12 ET
2025-07-29 12:41:47,car,0.6208146214485168,JSO8GA9A|
2025-07-29 12:41:48,car,0.55171138048172,I508GW9626
2025-07-29 12:41:49,car,0.5650916695594788,I508G/9626
2025-07-29 12:41:49,car,0.697040855884552,I508G/9626
2025-07-29 12:41:50,car,0.8216195106506348,IS08GR9626
2025-07-29 12:41:51,car,0.7521219849586487,I508GH9626
2025-07-29 12:41:51,car,0.7470707297325134,OBAIL
2025-07-29 12:41:52,car,0.7704152464866638,NOBM
2025-07-29 12:41:52,car,0.7566294074058533,WOBNI
2025-07-29 12:41:53,car,0.6513853073120117,OONI
2025-07-29 12:41:53,car,0.7081047892570496,NOBNI
2025-07-29 12:41:54,car,0.6059796214103699,GISA
2025-07-29 12:41:54,car,0.5141031742095947,TSOPE
2025-07-29 12:41:55,car,0.5086188316345215,DIAH
2025-07-29 12:41:56,car,0.5202159285545349,04 &
2025-07-29 12:41:56,car,0.5063264966011047,ALEN
2025-07-29 12:41:57,car,0.5175623297691345,WHOBAI
2025-07-29 12:41:57,car,0.5562084317207336,OBRT
2025-07-29 12:41:58,car,0.5482024550437927,OISH
2025-07-29 12:41:59,car,0.6781190633773804,I508G496267
2025-07-29 12:42:00,car,0.7752218842506409,I508G/9626
2025-07-29 12:42:01,car,0.8638292551040649,IS0BG/9626
2025-07-29 12:45:06,car,0.829955518245697,"213,086496264"
2025-07-29 12:45:06,car,0.7174133658409119,0.83
2025-07-29 12:45:06,car,0.5989691019058228,0.80
2025-07-29 12:45:07,car,0.7293586134910583,JONL
2025-07-29 12:45:07,car,0.6953173279762268,"CAR 0,73"
2025-07-29 12:45:18,car,0.505095899105072,TS12 ET 1723
2025-07-29 12:45:18,car,0.7625717520713806,TS12 ET 1723
2025-07-29 12:45:18,car,0.731530487537384,TS12 ET 1723
2025-07-29 12:45:19,car,0.7879612445831299,TS12 ET 1723
2025-07-29 12:45:19,car,0.5108264684677124,TS12 ET 1723
2025-07-29 12:45:19,car,0.5189403891563416,TS12 ET 1723
2025-07-29 12:45:20,car,0.5309147834777832,TS12 ET 1723
2025-07-29 12:45:20,car,0.503155529499054,TS12 ET 1723
2025-07-29 12:45:21,car,0.7484821677207947,TS12 ET 1723
2025-07-29 12:45:21,car,0.6317936778068542,TS12 ET 1723
2025-07-29 12:45:22,car,0.500206470489502,TS12 ET 1723
2025-07-29 12:45:22,car,0.5179851651191711,TS12 ET 1723
2025-07-29 12:45:22,car,0.5262605547904968,TS12 ET 1723
2025-07-29 12:45:23,car,0.5422229766845703,TS12 ET 1723
2025-07-29 12:45:23,car,0.720217764377594,TS12 ET 1723
2025-07-29 12:45:23,car,0.6376216411590576,TS12 ET 1723
2025-07-29 12:45:23,car,0.5083686709403992,TS12 ET 1723
2025-07-29 12:45:23,car,0.560775101184845,TS12 ET 1723
2025-07-29 12:45:24,car,0.6199595928192139,TS12 ET 1723
2025-07-29 12:45:24,car,0.7365031838417053,TS12 ET 1723
2025-07-29 12:45:24,car,0.6836031675338745,TS12 ET 1723
2025-07-29 12:45:46,car,0.9007781147956848,GTC49
2025-07-29 12:45:47,car,0.8789033889770508,TS12 ET1723
2025-07-29 12:45:47,car,0.8277900218963623,TS12 ET 1723
2025-07-29 12:45:47,car,0.7026664614677429,T8 Z ET 1723
2025-07-29 12:45:48,car,0.8078725934028625,TS12 ET 17231
2025-07-29 12:45:48,car,0.8627320528030396,TS12 ET 1723 
2025-07-29 12:45:48,car,0.8322189450263977,TS4P ET47234
2025-07-29 12:45:48,car,0.8003198504447937,GC4D
2025-07-29 12:45:49,car,0.8026010990142822,TC4I
2025-07-29 12:45:49,car,0.7953699827194214,GCDD
2025-07-29 12:45:50,car,0.7422916293144226,TS42 ET417231
2025-07-29 12:45:50,car,0.8415259718894958,LTC49 5T47231
2025-07-29 12:45:50,car,0.8473053574562073,GT64DET47231
2025-07-29 12:45:51,car,0.7705133557319641,LTC455T47934
2025-07-29 12:45:51,car,0.7732683420181274,GCTO
2025-07-29 12:45:51,car,0.8169065713882446,UCTOI
2025-07-29 12:45:53,car,0.8452898859977722,TS12 ET 1723:
2025-07-29 12:45:54,car,0.9131762981414795,TS12 ET 1723;
2025-07-29 12:45:54,car,0.7931831479072571,TS12 ET 17231
2025-07-29 12:45:54,car,0.7254214286804199,TS12 ET 17231
2025-07-29 12:46:01,car,0.6534604430198669,TS0BGH96267
2025-07-29 12:46:01,car,0.6763537526130676,IS08GH9626
2025-07-29 12:46:01,car,0.801852285861969,TS08GK9626
2025-07-29 12:46:02,car,0.7057180404663086,I508GH96267
2025-07-29 12:46:02,car,0.6271218061447144,CAR 0.71
2025-07-29 12:46:03,car,0.7185159921646118,I508G/9626
2025-07-29 12:46:03,car,0.8416336178779602,IS08GW9626
2025-07-29 12:46:04,car,0.668398916721344,IS08G79626
2025-07-29 12:46:19,car,0.5046547055244446,TS15ES2222
2025-07-29 12:46:21,car,0.5174206495285034,TS15ES2222
2025-07-29 12:46:22,car,0.5049003958702087,TS1SES2222
2025-07-29 12:46:27,car,0.5070905685424805,TS15ES2222
2025-07-29 12:46:27,car,0.7873927354812622,TS15ES2222
2025-07-29 12:46:28,car,0.5088600516319275,TSISES2222
2025-07-29 12:46:28,car,0.8721502423286438,TS15ES2222
2025-07-29 12:46:28,car,0.8557191491127014,TS15ES2222
2025-07-29 12:46:29,car,0.7815325260162354,TS15ES2222
2025-07-29 12:46:29,car,0.738206684589386,TS15ES2222
2025-07-29 12:46:29,car,0.7875896692276001,TS1SES2222
2025-07-29 12:46:30,car,0.7954196929931641,TS15ES2222
2025-07-29 12:46:30,car,0.7518616914749146,TS15ES2222
2025-07-29 13:27:15,car,0.590537965297699,TS08JU0810
2025-07-29 13:27:18,car,0.8142911791801453,I08JU0810
2025-07-29 13:27:18,car,0.6802018284797668,TS08JU0810
2025-07-29 13:27:19,car,0.6250611543655396,TS08 JUO810
2025-07-29 13:27:21,car,0.5888785123825073,TS08JU0810
2025-07-29 13:27:22,car,0.5857033729553223,TS08JU0810
2025-07-29 13:27:22,car,0.5901774168014526,TSO8JU0810
2025-07-29 13:27:23,car,0.5553783774375916,"""TS08JU0810"
2025-07-29 13:27:23,car,0.6483993530273438,TS0BJUOB10
2025-07-29 13:27:23,car,0.6866204142570496,TSO8JU0810
2025-07-29 13:27:23,car,0.640349805355072,TS08JU0810
2025-07-29 13:27:24,car,0.506738007068634,TS08 JU0810
2025-07-29 13:27:24,car,0.6440659165382385,TS08JU0810
2025-07-29 13:27:25,car,0.5207582712173462,TS08 JU0810
2025-07-29 13:27:25,car,0.5240685939788818,TS08JUOB10
2025-07-29 13:27:25,car,0.6103928685188293,TS08 JU0810
2025-07-29 13:27:26,car,0.7104336023330688,TS08JU0810
2025-07-29 13:27:26,car,0.5807673931121826,TS08 JU08105
2025-07-29 13:27:26,car,0.708122730255127,TS08 JU0810
2025-07-29 13:27:26,car,0.6015349626541138,TS08JU0810
2025-07-29 13:27:27,car,0.6727501749992371,TS08JU810
2025-07-29 13:27:27,car,0.5137691497802734,TSO8JUO8 1
2025-07-29 13:27:28,car,0.5122165679931641,TS08JU0810
2025-07-29 13:27:28,car,0.7309194803237915,TS08 JUO810
2025-07-29 13:27:28,car,0.834804892539978,TS08JU0810
2025-07-29 13:27:29,car,0.8477172255516052,TS08JU0810
2025-07-29 13:27:29,car,0.8408704996109009,TS08JU08105
2025-07-29 13:27:29,car,0.7901844382286072,TS08JU0810
2025-07-29 13:27:29,car,0.7754354476928711,TSO8JU0810
2025-07-29 13:27:51,car,0.5913938283920288,1G07 T 7420
2025-07-29 13:27:52,car,0.7767904996871948,TGO7 T 7 LZO]
2025-07-29 13:27:52,car,0.705736517906189,TG07 T 7L20
2025-07-29 13:27:53,car,0.5985115766525269,TG 07T 7420
2025-07-29 13:27:53,car,0.6898079514503479,TG07T 7LZ01
2025-07-29 13:27:53,car,0.6222217679023743,TG07 T 74Z0
2025-07-29 13:27:54,car,0.7721870541572571,TG07T 7420
2025-07-29 13:27:54,truck,0.6203340291976929,TG07 T 7420
2025-07-29 13:27:55,car,0.8832576870918274,TGOZT7420
2025-07-29 13:27:55,car,0.868538498878479,TG07T7420
2025-07-29 13:27:55,car,0.9065787196159363,TGO7T 7420
2025-07-29 13:27:56,car,0.7608098983764648,TGOZT 7L201
2025-07-29 13:27:57,car,0.756814181804657,TG07T7420
2025-07-29 13:27:57,car,0.7794017791748047,TG 07T 7L20
2025-07-29 13:27:58,car,0.6028791666030884,TG07 T 7420
2025-07-29 13:27:58,car,0.5171635150909424,TG 07 T 7420
2025-07-29 13:27:59,truck,0.5464895367622375,TG07 T 720
2025-07-29 13:27:59,truck,0.5680903196334839,TG07 T 7L20
2025-07-29 13:27:59,car,0.5618466138839722,T607T 7LZ0 (02)
2025-07-29 13:28:00,car,0.5744929313659668,TG07 T 7420
2025-07-29 13:28:01,car,0.510941743850708,TG07 T 7420
2025-07-29 13:28:02,car,0.629754364490509,TG07T 7420
2025-07-29 13:28:02,car,0.5966649651527405,TGO7T 7420
2025-07-29 13:28:02,car,0.5544952154159546,TG07T 7420
2025-07-29 13:28:02,car,0.720533013343811,TG07 T 7420
2025-07-29 13:28:03,car,0.6069194674491882,TG07 T 7420
2025-07-29 13:28:03,car,0.5646669864654541,TG07T 7L20
2025-07-29 13:28:05,car,0.6209127306938171,TG07 T 7L20
2025-07-29 13:28:05,car,0.7340503931045532,TG07T7L20
2025-07-29 13:28:06,car,0.7209012508392334,TG0ZT7420
2025-07-29 13:28:06,car,0.5559232234954834,TG07T 7L20
2025-07-29 13:28:07,car,0.5419374704360962,TG07T 7L20
2025-07-29 13:28:12,car,0.6850143671035767,TEOTWZ
2025-07-29 13:28:12,car,0.8558629751205444,760Z L ZZD
2025-07-29 13:28:13,car,0.7254829406738281,7G07 [
2025-07-29 13:28:13,car,0.7564265131950378,75017Z0)
2025-07-29 13:28:15,car,0.5999556183815002,7G07 [ 7420
2025-07-29 13:28:15,car,0.7854532599449158,TG07 [ 7420
2025-07-29 13:28:15,car,0.6211619973182678,7G07  7 L20]
2025-07-29 13:28:16,car,0.902327835559845,7607 [ 7 4Z0]
2025-07-29 13:28:16,car,0.8878734707832336,76071 7L20
2025-07-29 13:28:17,car,0.8231164216995239,776 0217420
2025-07-29 13:28:17,car,0.5435338616371155,TO07 67420
2025-07-29 13:28:18,car,0.7502994537353516,TG0Z  7420
2025-07-29 13:28:19,car,0.7838066816329956,TG07T 7 L20
2025-07-29 13:28:20,car,0.5346456170082092,1G0Z [ 7 L20]
2025-07-29 13:28:20,car,0.6575780510902405,TGO7T 7LZ0
2025-07-29 13:28:21,car,0.5590358376502991,TG07 17 4201
2025-07-29 13:28:21,car,0.5513930320739746,TG07 1 7420
2025-07-29 13:28:21,car,0.5370862483978271,TG07 [ 7 420
2025-07-29 13:28:22,car,0.5309230089187622,TG07 1 7420]
2025-07-29 13:28:23,car,0.5607192516326904,TG 071 7 420]
2025-07-29 13:28:24,car,0.7751638889312744,TG07T 7 (201
2025-07-29 13:28:24,car,0.690557062625885,TG07 1 7420]
2025-07-29 13:28:26,car,0.5123792290687561,TG07 ~ 7EZOI
2025-07-29 14:07:46,car,0.7858052253723145,~OR  3E
2025-07-29 14:07:46,car,0.8608837723731995,A= ' @- -
2025-07-29 14:07:48,car,0.8949763774871826,1 < ^ ' R- - -
2025-07-29 14:07:48,car,0.8695135712623596,"KPS"" R "" -"
2025-07-29 14:07:49,car,0.8892138600349426,"SNF"""
2025-07-29 14:07:50,car,0.7905260324478149,"40 """
2025-07-29 14:07:50,car,0.8033260703086853,"#5"" "" @"" ` ^"
2025-07-29 14:07:51,car,0.8376131653785706,"S~"" "" 0 `"
2025-07-29 14:08:34,car,0.6625569462776184,7L25
2025-07-29 14:08:34,car,0.6746373772621155,7L26
2025-07-29 14:08:34,car,0.8354399800300598,TG07 T743
2025-07-29 14:09:25,car,0.5483065247535706,TG07 1 7420
2025-07-29 14:09:25,car,0.7785719037055969,TG0Z [7L20
2025-07-29 14:09:26,car,0.8791784048080444,TG07 [ 7420
2025-07-29 14:09:26,car,0.9105831384658813,TG07 I7420
2025-07-29 14:09:26,car,0.8896819353103638,TG07 T 7420
2025-07-29 14:09:26,car,0.8720983266830444,TG07 [7L205
2025-07-29 14:09:26,car,0.8794652819633484,TG07 [ 7420
2025-07-29 14:09:27,car,0.8639636039733887,TG0Z [7620
2025-07-29 14:09:27,car,0.915054440498352,TG0ZI7620
2025-07-29 14:09:27,car,0.9018566608428955,TG0Z17L20
2025-07-29 14:09:27,car,0.843993604183197,TG0Z [ 7L20
2025-07-29 14:09:28,car,0.851920485496521,TG0Z17 420
2025-07-29 14:09:28,car,0.8857133388519287,TG0Z I 7420
2025-07-29 14:09:28,car,0.9029114246368408,TG0ZT 7LZ0
2025-07-29 14:09:28,car,0.8592568039894104,TG07 [ 7420
2025-07-29 14:09:28,car,0.889553427696228,TGOZ 17L20
2025-07-29 14:09:29,car,0.8556774258613586,TGOZ T 7L20
2025-07-29 14:09:29,car,0.7773667573928833,TG07 [ 7420
2025-07-29 14:09:29,car,0.8736351728439331,TG0ZL7420
2025-07-29 14:09:29,car,0.8583859801292419,TG0Z17L20
2025-07-29 14:09:29,car,0.6964166164398193,TG07 T7620
2025-07-29 14:09:30,car,0.6195000410079956,TG0717420
2025-07-29 14:09:30,car,0.6468711495399475,TG0Z17420
2025-07-29 14:09:30,car,0.5472003221511841,4OIO
2025-07-29 14:09:30,car,0.759636640548706,TG07T7420
2025-07-29 14:09:30,car,0.6329479813575745,TG07 T 7L20
2025-07-29 14:09:31,car,0.624138355255127,TG0717420
2025-07-29 14:09:31,car,0.6443055272102356,J0T0R
2025-07-29 14:09:38,car,0.6821185946464539,TGOIIE0
2025-07-29 14:09:39,car,0.6767755746841431,TO Z0 (005)
2025-07-29 14:09:39,car,0.7889418005943298,TG07 L7420
2025-07-29 14:09:39,car,0.8187644481658936,TG 0Z I
2025-07-29 14:09:39,car,0.6160836815834045,16 02 | (027)
2025-07-29 14:09:40,car,0.8199712634086609,TG0Z1 7420
2025-07-29 14:09:40,car,0.8672292828559875,TG0Z 1 7L20
2025-07-29 14:09:40,car,0.8884274363517761,TG0ZI
2025-07-29 14:09:41,car,0.9119834303855896,TG0Z1 7420
2025-07-29 14:09:41,car,0.9160279035568237,TG0Z1 7420
2025-07-29 14:09:41,car,0.92092365026474,TG0Z I
2025-07-29 14:09:42,car,0.9275529384613037,TG0Z 1 7420
2025-07-29 14:09:42,car,0.9297455549240112,TG0Z T
2025-07-29 14:09:42,car,0.9215450286865234,TG0Z 1 7420
2025-07-29 14:09:43,car,0.6220987439155579,TG0Z [ 7420
2025-07-29 14:09:44,car,0.6431823372840881,IG0Z] 7420
2025-07-29 14:09:45,car,0.6098716259002686,PERSON 0
2025-07-29 14:09:45,car,0.6178369522094727,PERSON
2025-07-29 14:09:45,car,0.8176936507225037,PERSON
2025-07-29 14:09:46,car,0.7447786927223206,PERSON
2025-07-29 14:09:46,car,0.7597116231918335,[1G071742O
2025-07-29 14:09:49,car,0.7585675120353699,"70,I )A0"
2025-07-29 14:09:51,car,0.5320438146591187,760717420
2025-07-29 14:09:53,car,0.9389424920082092,7607 [7K20
2025-07-29 14:09:53,car,0.9200574159622192,TG 07 T 7420
2025-07-29 14:09:53,car,0.9255532026290894,TG07 T 7420
2025-07-29 14:09:54,car,0.9229639768600464,TG07 T 7420
2025-07-29 14:09:54,car,0.9069753885269165,TG07T 7420
2025-07-29 14:09:55,car,0.9057798385620117,TG07T 7420
2025-07-29 14:09:55,car,0.8898472785949707,TG07 T 7420
2025-07-29 14:09:55,car,0.9373930096626282,TG 07 1 7420
2025-07-29 14:09:56,car,0.9229526519775391,TG07 I 7420
2025-07-29 14:09:56,car,0.933612585067749,7G071 7420
2025-07-29 14:09:57,car,0.9229000806808472,TG 07 I 7420
2025-07-29 14:09:57,car,0.9280585646629333,7G07 [7420
2025-07-29 14:09:57,car,0.9464110732078552,7G0Z 17420
2025-07-29 14:09:58,car,0.9512194991111755,7G0717420
2025-07-29 14:09:58,car,0.9220138192176819,TG07 17420
2025-07-29 14:09:58,car,0.9458813071250916,TG07 I7420
2025-07-29 14:09:58,car,0.9325671792030334,TG07 T7420
2025-07-29 14:09:59,car,0.9300774931907654,TG07 17420
2025-07-29 14:09:59,car,0.9206570386886597,TG07 [7420
2025-07-29 14:09:59,car,0.926680862903595,TG 07 T7420
2025-07-29 14:09:59,car,0.9362298250198364,TG07 T 7420
2025-07-29 14:09:59,car,0.8625200986862183,TG 07 T 7420
2025-07-29 14:10:00,car,0.8298836350440979,TG07 I7420
2025-07-29 14:10:00,car,0.899019718170166,TG07 T 7420
2025-07-29 14:10:00,car,0.733436644077301,T607 17420
2025-07-29 14:10:00,car,0.8547136783599854,TG07 T 7420
2025-07-29 14:10:00,car,0.8605569005012512,TG 07 T 7420
2025-07-29 14:10:01,car,0.5722399950027466,4OIOR
2025-07-29 14:10:05,car,0.884722113609314,TGOZT 7420
2025-07-29 14:10:06,car,0.9261773824691772,IGOL
2025-07-29 14:10:06,car,0.8444135785102844,T7620
2025-07-29 14:10:07,car,0.9240532517433167,TG0Z 1 7420
2025-07-29 14:10:07,car,0.9317505359649658,7420
2025-07-29 14:10:07,car,0.9350199103355408,TG0Z I
2025-07-29 14:10:07,car,0.9567192196846008,MOTORCL
2025-07-29 14:10:08,car,0.959290087223053,TGOZ I
2025-07-29 14:10:08,car,0.9487747550010681,MOTONCAE
2025-07-29 14:10:08,car,0.9371992349624634,MUTUR CAR
2025-07-29 14:10:08,car,0.9350818395614624,TNOTOR CH
2025-07-29 14:10:09,car,0.9363839626312256,TG0Z I
2025-07-29 14:10:09,car,0.921826958656311,MUTOR CAU
2025-07-29 14:10:09,car,0.9288750290870667,MOTOA CLE
2025-07-29 14:10:09,car,0.9287130236625671,LOTOR CAB
2025-07-29 14:10:10,car,0.9282510280609131,MOTON UAB
2025-07-29 14:10:10,car,0.9404557943344116,MOTOA UAE
2025-07-29 14:10:10,car,0.9491813778877258,MUTUR CAT
2025-07-29 14:10:10,car,0.9413539171218872,6OIUHCAL
2025-07-29 14:10:11,car,0.7170081734657288,7420
2025-07-29 14:10:33,car,0.5651334524154663,PERSON 0.58
2025-07-29 14:10:36,car,0.5770290493965149,TG07 T 7420
2025-07-29 14:10:37,car,0.5606957077980042,TG07 T 7 L20
2025-07-29 14:10:38,car,0.5136278867721558,TG07
2025-07-29 14:10:39,car,0.5364850759506226,TG07 T
2025-07-29 14:10:40,car,0.5294029116630554,PERSCN 0.86
2025-07-29 14:10:41,car,0.7675476670265198,PERSON 0.79
2025-07-29 14:10:42,car,0.7887564897537231,PERSON
2025-07-29 14:10:43,car,0.7404805421829224,IG07T 7420
2025-07-29 14:10:43,car,0.5694929957389832,IG0ZT 7420
2025-07-29 14:10:44,car,0.666916012763977,PERSON
2025-07-29 14:10:45,car,0.7790086269378662,TG07 T 7420
2025-07-29 14:10:45,car,0.5102455615997314,PERSON
2025-07-29 14:10:46,car,0.7437680959701538,TG071 7420
2025-07-29 14:10:47,car,0.6146854162216187,TGCZ T 7 L20
2025-07-29 14:10:47,car,0.6114627718925476,TG0ZT 7420
2025-07-29 14:10:48,car,0.5478714108467102,PERSON 0.75
2025-07-29 16:35:00,bus,0.5362147688865662,JCAL
2025-07-29 16:35:03,bus,0.5242252349853516,JCBL
2025-07-29 16:35:03,bus,0.6368775367736816,UCBL
2025-07-29 16:35:04,bus,0.586574912071228,JCBL
2025-07-29 16:35:05,bus,0.7053186297416687,JCBL
2025-07-29 16:35:06,bus,0.6303412914276123,JCBL
2025-07-29 16:35:06,bus,0.5618619322776794,JGBL
2025-07-29 16:35:07,bus,0.5310767292976379,JCBL
2025-07-29 16:35:08,bus,0.5194640755653381,JCBL
2025-07-29 16:35:08,bus,0.5595020055770874,JCBL
2025-07-29 16:35:09,bus,0.502363383769989,JCBL
2025-07-29 16:35:13,bus,0.6544485688209534,JOBL
2025-07-29 16:36:13,truck,0.5252944827079773,TSO9EX55482
2025-07-29 16:36:13,car,0.5495615601539612,TSO9EX55L8
2025-07-29 16:36:13,car,0.6244572401046753,TSO9EX5548
2025-07-29 16:36:14,car,0.568208634853363,TSO9EX55L8
2025-07-29 16:36:14,car,0.6411236524581909,TSO9EX5548
2025-07-29 16:36:16,car,0.5785947442054749,TSO9EX55L8
2025-07-29 16:36:16,car,0.6689437627792358,TSO9EX5548 
2025-07-29 16:36:16,car,0.5933388471603394,"TSO9EX55L8,"
2025-07-29 16:36:17,car,0.6183226108551025,TSO9EX5548
2025-07-29 16:36:17,car,0.6751406788825989,FTSO9EX55L8
2025-07-29 16:36:17,car,0.7563531994819641,"TSO9EX5548,"
2025-07-29 16:36:18,car,0.6320527791976929,FTSO9EX55L8
2025-07-29 16:36:18,truck,0.5113969445228577,FTSO9EX5548
2025-07-29 16:36:18,car,0.5145300626754761,TSO9EX5548
2025-07-29 16:36:19,car,0.6030336022377014,TSO9EX5548
2025-07-29 16:36:20,car,0.5854321718215942,~TSO9EX55L8
2025-07-29 16:36:20,car,0.581643283367157,TSO9EX55L8 
2025-07-29 16:36:20,car,0.6116099953651428,TSO9EX55L8
2025-07-30 14:24:53,car,0.617942214012146,TS15FA065Z 
2025-07-30 14:24:58,car,0.641005277633667,TS1SFAO657
2025-07-30 14:25:09,car,0.8659346103668213,APO9CR0799
2025-07-30 14:25:10,car,0.8977161645889282,AP09CR0729
2025-07-30 14:25:10,car,0.8933044672012329,APO9CR0799
2025-07-30 14:25:11,car,0.9033293128013611,APO9CR0799
2025-07-30 14:25:11,car,0.8711109161376953,APO9CR0799
2025-07-30 14:25:12,car,0.8987309336662292,APO9CR0799
2025-07-30 14:25:12,car,0.8963576555252075,APO9CR0799
2025-07-30 14:25:12,car,0.9121941924095154,APO9CR0799
2025-07-30 14:25:13,car,0.9155975580215454,APO9CR0799]
2025-07-30 14:25:13,car,0.9040061831474304,APO9CR0799
2025-07-30 14:25:13,car,0.9029695391654968,APO9CR0799
2025-07-30 14:25:14,car,0.9203280806541443,APO9CR0799
2025-07-30 14:25:14,car,0.9145047664642334,APO9CR0799
2025-07-30 14:25:14,car,0.9146889448165894,APO9CR0799
2025-07-30 14:25:15,car,0.9064006805419922,APO9CR0799
2025-07-30 14:25:15,car,0.9149466753005981,APO9CR0799
2025-07-30 14:25:15,car,0.9244744181632996,APO9CR0799
2025-07-30 14:25:16,car,0.9232938885688782,APO9CR0799
2025-07-30 14:25:16,car,0.921578586101532,APO9CR0799
2025-07-30 14:25:16,car,0.9088881015777588,APO9CR0799
2025-07-30 14:25:17,car,0.9096114635467529,APO9CR0799
2025-07-30 14:25:17,car,0.9092544913291931,APO9CR0799
2025-07-30 14:25:17,car,0.8988521695137024,APO9CR0799
2025-07-30 14:25:18,car,0.8888635635375977,APO9CR0799
2025-07-30 14:25:18,car,0.8930315375328064,APO9CR0799
2025-07-30 14:25:18,car,0.8801809549331665,APO9CR0799
2025-07-30 14:25:18,car,0.8824307322502136,APO9CR0799
2025-07-30 14:25:19,car,0.9193150401115417,APO9CRO799
2025-07-30 14:25:19,car,0.9170242547988892,APO9CR0799
2025-07-30 14:25:19,car,0.9164248108863831,APO9CR0799
2025-07-30 14:25:20,car,0.9153368473052979,APO9CR0799
2025-07-30 14:25:20,car,0.915844202041626,APO9CR0799
2025-07-30 14:25:20,car,0.909736156463623,APO9CRO799
2025-07-30 14:25:20,car,0.9155009388923645,APO9CR0799
2025-07-30 14:25:21,car,0.9183328747749329,APO9CR0799
2025-07-30 14:25:21,car,0.9163228869438171,APO9CR0799
2025-07-30 14:25:21,car,0.9291900396347046,APO9CR0799
2025-07-30 14:25:53,car,0.744488000869751,APUWCKO7N9
2025-07-30 14:25:53,car,0.9244354367256165,APO9CRO799
2025-07-30 14:25:54,car,0.9077670574188232,AP09CR0799
2025-07-30 14:25:54,car,0.8802369832992554,'APO9CR0799
2025-07-30 14:25:54,car,0.9350674748420715,APO9CR0733
2025-07-30 14:25:55,car,0.9256936311721802,APO9CR0799] 
2025-07-30 14:25:55,car,0.9169043302536011,APO9CR0799
2025-07-30 14:25:56,car,0.9287369251251221,APO9CR0799
2025-07-30 14:25:56,car,0.9113670587539673,APO9CR0799
2025-07-30 14:25:56,car,0.9147733449935913,APO9CR0799
2025-07-30 14:25:57,car,0.9406850934028625,APO9CRO799
2025-07-30 14:25:57,car,0.9427481293678284,APO9CRO799
2025-07-30 14:25:58,car,0.9261211156845093,APO9CR0799
2025-07-30 14:25:58,car,0.9500461220741272,APO9CRO799
2025-07-30 14:25:58,car,0.9489479660987854,APO9CR0799
2025-07-30 14:25:59,car,0.9262481331825256,APO9CRO799
2025-07-30 14:25:59,car,0.9418066740036011,APO9CRO799
2025-07-30 14:26:00,car,0.9472880363464355,APO9CRO799
2025-07-30 14:26:00,car,0.9225709438323975,APO9CRO799
2025-07-30 14:26:00,car,0.9054273962974548,APO9CR0799
2025-07-30 14:26:01,car,0.922297477722168,APO9CRO799
2025-07-30 14:26:01,car,0.916596531867981,APO9CR0799
2025-07-30 14:26:02,car,0.9260032773017883,APO9CRO799
2025-07-30 14:26:02,car,0.9487050175666809,APO9CRO799
2025-07-30 14:26:02,car,0.9155797958374023,APO9CR0799
2025-07-30 14:26:03,car,0.9426697492599487,APO9CRO799
2025-07-30 14:26:03,car,0.9376466870307922,APO9CRO799
2025-07-30 14:26:03,car,0.9337558150291443,APO9CR0799
2025-07-30 14:26:04,car,0.9242722392082214,APO9CRO799
2025-07-30 14:26:04,car,0.9350495338439941,APO9CRO799
2025-07-30 14:26:04,car,0.939196765422821,APO9CRO799
2025-07-30 14:26:04,car,0.917339563369751,APO9CRO799
2025-07-30 14:26:05,car,0.9185566902160645,APO9CRO799
2025-07-30 14:26:05,car,0.8971104621887207,APO9CRO799
2025-07-30 14:26:05,car,0.9446412324905396,APO9CRO799
2025-07-30 14:26:06,car,0.9230437874794006,APO9CRO799
2025-07-30 14:26:06,car,0.9325811862945557,APO9CRO799
2025-07-30 14:26:06,car,0.9262301325798035,APO9CRO799
2025-07-30 14:26:07,car,0.9271826148033142,APO9CRO799
2025-07-30 14:26:07,car,0.9250780940055847,APO9CR0799
2025-07-30 14:26:08,car,0.9040272235870361,APO9CRO799
2025-07-30 14:26:08,car,0.9005295038223267,APO9CRO799
2025-07-30 14:26:08,car,0.8731890320777893,APO9CRO799
2025-07-30 14:26:09,car,0.8992364406585693,APO9CR0799
2025-07-30 14:26:09,car,0.8835000991821289,APO9CRO799
2025-07-30 14:26:11,car,0.6029899716377258,ATCECRO7S9
2025-07-30 14:26:12,car,0.6903010010719299,APOGCR0739
2025-07-30 14:27:42,truck,0.6183250546455383,VEIJ5
2025-07-30 14:27:42,truck,0.8058745265007019,JRUO9I
2025-07-30 14:27:42,truck,0.7211861610412598,48ESE
2025-07-30 14:27:42,truck,0.8684785962104797,1512
2025-07-30 14:27:43,truck,0.8670007586479187,(VB4JSO
2025-07-30 14:27:43,truck,0.7601213455200195,1917
2025-07-30 14:27:44,bus,0.7718586325645447,4LJED
2025-07-30 14:27:44,bus,0.8741256594657898,VENEL
2025-07-30 14:27:44,bus,0.7603652477264404,7842
2025-07-30 14:28:09,car,0.8874058723449707,1691
2025-07-30 14:28:09,car,0.9094688892364502,16981
2025-07-30 14:28:10,car,0.9350150227546692,IG H
2025-07-30 14:28:10,car,0.9286585450172424,DE9D|
2025-07-30 14:28:10,car,0.8643888831138611,LTU1 3698
2025-07-30 14:28:10,car,0.832533061504364,2690]
2025-07-30 14:28:11,car,0.8972541689872742,ML3698)
2025-07-30 14:28:11,car,0.857739269733429,LGW8695
2025-07-30 14:28:11,car,0.8106846213340759,4G V3696
2025-07-30 14:28:11,car,0.8580182790756226,HIG II
2025-07-30 14:28:12,car,0.8946483135223389,3695
2025-07-30 14:28:12,car,0.8827349543571472,HGW2695
2025-07-30 14:28:12,car,0.9151012897491455,HG_M3698
2025-07-30 14:28:13,car,0.9075374007225037,55951
2025-07-30 14:28:38,car,0.7419919967651367,PERSCR
2025-07-30 14:32:15,car,0.9168158173561096,TICM
2025-07-30 14:32:16,car,0.9211857914924622,JID5IU
2025-07-30 14:32:16,car,0.9006864428520203,UCTOD
2025-07-30 14:32:16,car,0.9325245022773743,MICDU
2025-07-30 14:32:16,car,0.9292987585067749,LUOZIUD
2025-07-30 14:32:16,car,0.9187017679214478,EIQUEL
2025-07-30 14:32:16,car,0.8873374462127686,LUII
2025-07-30 14:32:17,car,0.8843225836753845,LNIL
2025-07-30 14:32:18,car,0.9130361080169678,MZZI
2025-07-30 14:32:19,car,0.8676347732543945,DIZHS
2025-07-30 14:32:19,car,0.8756428956985474,[RIZ
2025-07-30 14:32:19,car,0.8607538938522339,DILY
2025-07-30 14:32:19,car,0.8654894232749939,DIZLY
2025-07-30 14:32:20,car,0.8736736178398132,MTZ]
2025-07-30 14:32:20,car,0.8249295353889465,MAUD
2025-07-30 14:32:21,car,0.7920207977294922,MARUD
2025-07-30 14:32:22,car,0.6307802200317383,PERSCN
2025-07-30 14:32:22,car,0.551997721195221,PATE
2025-07-30 14:32:22,car,0.6016314029693604,PEJER
2025-07-30 14:32:22,car,0.6380675435066223,DEIS
2025-07-30 14:32:23,car,0.5231090188026428,A8PX3
2025-07-30 14:32:23,car,0.5956634283065796,ERSO
2025-07-30 14:37:45,car,0.8313679099082947,ARUSCOS]
2025-07-30 14:37:46,car,0.5790342688560486,ARUVU)
2025-07-30 14:37:46,car,0.5134016871452332,APO9CR0799
2025-07-30 14:37:47,car,0.7396093010902405,APO9CR0799
2025-07-30 14:37:47,car,0.9080168008804321,APO9CR0799
2025-07-30 14:37:48,car,0.8995283246040344,APO9CR0799
2025-07-30 14:47:01,car,0.71639484167099,APO9CR0799] 
2025-07-30 14:47:01,car,0.7852874398231506,APO9CRO799
2025-07-30 14:47:01,car,0.8141320943832397,APO9CR0799
2025-07-30 14:47:02,car,0.654228687286377,APO9CRO799
2025-07-30 14:47:02,car,0.6721671223640442,APO9CR0799
2025-07-30 14:47:03,car,0.6524754762649536,APO9CR0Z99
2025-07-30 14:47:03,car,0.6882630586624146,APO9CRO799
2025-07-30 14:50:02,car,0.601125955581665,TS08 JU0810]
2025-07-30 14:50:03,car,0.599175751209259,'TS08 _
2025-07-30 14:50:04,car,0.5272016525268555,TSO8 JUO810]
2025-07-30 14:50:04,car,0.5451810956001282,CRVST
2025-07-30 14:50:04,car,0.5233803391456604,TS08 JU08101
2025-07-30 14:53:27,car,0.6227505803108215,APO9CRO799
2025-07-30 14:53:27,car,0.855858325958252,APO9CRO799
2025-07-30 14:53:28,car,0.7153977155685425,APO9CR0799
2025-07-30 14:53:28,car,0.5148071050643921,APO9CR0799
2025-07-30 14:53:28,car,0.6519010663032532,APO9CRO799
2025-07-30 14:53:28,car,0.6795077323913574,APO9CRO799 
2025-07-30 14:53:28,car,0.5517193675041199,APO9CR0799
2025-07-30 14:53:29,car,0.6709312796592712,APO9CRO799
2025-07-30 14:53:29,car,0.6939314007759094,APO9CR0799
2025-07-30 14:53:29,car,0.7452972531318665,APO9CRO799
2025-07-30 14:53:29,car,0.7555899620056152,APO9CR0799
2025-07-30 14:53:29,car,0.6408520340919495,APO9CRO799
2025-07-30 14:53:30,car,0.7568108439445496,APO9CR0799
2025-07-30 14:54:10,car,0.5909488201141357,AP 0947 3515]
2025-07-30 14:54:11,car,0.734923779964447,"AP 094Z,3515 _"
2025-07-30 14:54:12,car,0.7135258316993713,"AP 0942,3515"
2025-07-30 14:54:12,car,0.5966668725013733,AP 09423515 
2025-07-30 14:54:13,car,0.7928091287612915,"AP 0942,3515"
2025-07-30 14:54:13,car,0.7389386892318726,"AP 0942,3515"
2025-07-30 14:54:13,car,0.7236722707748413,"AP 0942,3515"
2025-07-30 14:54:13,car,0.711527407169342,"AP 0942,3515"
2025-07-30 14:54:14,car,0.8035624027252197,"AP 0942,3515"
2025-07-30 14:54:14,car,0.6860620975494385,AP 094Z 3515
2025-07-30 14:54:14,car,0.6282607316970825,"AP 0942,3515"
2025-07-30 14:54:14,car,0.5749047994613647,"AP 0942,3515"
2025-07-30 14:54:15,car,0.579557478427887,AP 09423515
2025-07-30 14:55:21,car,0.670336902141571,TG0Z |
2025-07-30 14:55:21,car,0.9192684888839722,000717L20
2025-07-30 14:55:21,car,0.9152541160583496,1G07
2025-07-30 14:55:21,car,0.8977782130241394,7G0Z17L20)
2025-07-30 14:55:22,car,0.9192887544631958,160Z17420
2025-07-30 14:55:22,car,0.9064816236495972,GOZI
2025-07-30 14:55:26,car,0.744866132736206,TGOZIZLZO
2025-07-30 14:55:27,car,0.9316116571426392,GO7A0
2025-07-30 14:55:28,car,0.921595573425293,TGOZ T
2025-07-30 14:55:28,car,0.9171538949012756,7420
2025-07-30 14:55:28,car,0.9123839735984802,TG0Z T
2025-07-30 14:55:29,car,0.9130073189735413,7420
2025-07-30 14:55:29,car,0.9074894189834595,7420
2025-07-30 14:55:30,car,0.9080454111099243,TG0Z T
2025-07-30 14:55:30,car,0.9174477458000183,TGOZ T
2025-07-30 14:55:30,car,0.9155781865119934,7420
2025-07-30 14:55:31,car,0.9197338223457336,7420
2025-07-30 14:55:31,car,0.9268726110458374,7420
2025-07-30 14:55:31,car,0.9215006232261658,7420
2025-07-30 14:55:32,car,0.9312904477119446,7420
2025-07-30 14:55:32,car,0.9133683443069458,TGOZ T
2025-07-30 14:55:32,car,0.9373317360877991,7420
2025-07-30 14:55:33,car,0.9349314570426941,7420
2025-07-30 14:55:33,car,0.9192750453948975,7420
2025-07-30 14:55:33,car,0.9137927889823914,TG07 T 7420
2025-07-30 14:55:34,car,0.9257042407989502,T7L20
2025-07-30 14:55:34,car,0.9361669421195984,7420
2025-07-30 14:55:34,car,0.9266706109046936,TG07 T7420
2025-07-30 14:55:35,car,0.9184366464614868,TG07 7420
2025-07-30 14:55:35,car,0.9335814118385315,7GOZ T
2025-07-30 14:55:35,car,0.9328970313072205,TGOZ T
2025-07-30 14:55:36,car,0.9277020692825317,7420
2025-07-30 14:55:36,car,0.920830249786377,TG0Z T
2025-07-30 14:55:36,car,0.9282833337783813,7420
2025-07-30 14:55:37,car,0.9191305637359619,7420
2025-07-30 14:55:37,car,0.9246220588684082,7420
2025-07-30 14:55:38,car,0.930884838104248,TGOZI
2025-07-30 14:55:38,car,0.9260002970695496,7420
2025-07-30 14:55:38,car,0.9306025505065918,7420
2025-07-30 14:55:39,car,0.9240522384643555,7420
2025-07-30 14:55:39,car,0.9267635941505432,17420
2025-07-30 14:55:39,car,0.9388115406036377,7 420
2025-07-30 14:55:40,car,0.9373340010643005,7420
2025-07-30 14:55:40,car,0.9330740571022034,TGOZ T
2025-07-30 14:55:41,car,0.9166820645332336,7420
2025-07-30 14:55:41,car,0.921934962272644,TG07 [7420
2025-07-30 14:55:41,car,0.930647611618042,7420
2025-07-30 14:55:42,car,0.9168958067893982,7420
2025-07-30 14:55:42,car,0.9250175952911377,7420
2025-07-30 14:55:42,car,0.9206545352935791,7420
2025-07-30 15:33:54,truck,0.8262233734130859,FOR_
2025-07-30 15:33:54,truck,0.8284121751785278,FOR_
2025-07-30 15:33:54,truck,0.8151136636734009,'FOR
2025-07-30 15:33:54,truck,0.8133119940757751,'FOR
2025-07-30 15:33:55,truck,0.8064706921577454,'FOR
2025-07-30 15:33:55,truck,0.810005247592926,'FOR
2025-07-30 15:33:55,truck,0.7984675765037537,LRSD
2025-07-30 15:33:55,truck,0.8213062286376953,LRSD
2025-07-30 15:33:55,truck,0.8099036812782288,LRSD
2025-07-30 15:33:57,truck,0.8027479648590088,LERSIE
2025-07-30 15:33:57,truck,0.8204160332679749,LESI
2025-07-30 15:33:58,truck,0.8340176343917847,JICIE
2025-07-30 15:33:58,truck,0.8570669889450073,TEE2
2025-07-30 15:33:58,truck,0.851616382598877,JSIE
2025-07-30 15:33:59,truck,0.8429165482521057,JSIE
2025-07-30 23:35:58,car,0.8562816977500916,IG 34 0301
2025-07-30 23:35:58,car,0.908129870891571,4G 24 0340
2025-07-30 23:35:59,car,0.8441424369812012,1G 34 0340
2025-07-30 23:35:59,car,0.8633720874786377,IG 34 0340
2025-07-30 23:35:59,car,0.8400354981422424,1G 34 03405
2025-07-30 23:36:00,car,0.884758710861206,IG 34
2025-07-30 23:36:00,car,0.9239600896835327,IG 34
2025-07-30 23:36:01,car,0.7951973080635071,16 24 03L0
2025-07-30 23:36:01,car,0.893932044506073,[6 24 03L0
2025-07-30 23:36:02,car,0.8694119453430176,1G 34 0340
2025-07-30 23:36:02,car,0.8508140444755554,1G 24 03405
2025-07-30 23:36:03,car,0.7846776247024536,IG 24 0240
2025-07-30 23:36:03,car,0.8376075625419617,16 34
2025-07-30 23:36:03,car,0.8168700933456421,"""G,24 0340"
2025-07-30 23:36:03,car,0.863284170627594,1G 24 0340N
2025-07-30 23:36:04,car,0.8909759521484375,1G 24 0340
2025-07-30 23:36:04,car,0.8696120977401733,IG 1 014O
2025-07-30 23:36:05,car,0.8773705363273621,"""1G 24 0340"
2025-07-30 23:36:05,car,0.8004413843154907,IG 34
2025-07-30 23:36:05,car,0.8905967473983765,1G 24 0240
2025-07-30 23:36:13,car,0.743377685546875,WELDE
2025-07-30 23:36:13,car,0.8702979683876038,08D.D
2025-07-30 23:36:13,car,0.9127362370491028,TG 34 0340
2025-07-30 23:36:13,car,0.8793571591377258,8G 34 030
2025-07-30 23:36:14,car,0.8833204507827759,TG 34 0340
2025-07-30 23:36:14,car,0.8778619170188904,TG 34 0340
2025-07-30 23:36:14,car,0.865929126739502,"1G,34 0340"
2025-07-30 23:36:14,car,0.8673198819160461,TG 34 0340
2025-07-30 23:36:15,car,0.8832821249961853,IG 34 0340
2025-07-30 23:36:15,car,0.8660221099853516,TG 34 0340
2025-07-30 23:36:15,car,0.8648194074630737,TG 34 0340
2025-07-30 23:36:15,car,0.8814120292663574,IG 34 0340
2025-07-30 23:36:16,car,0.9097641706466675,1G 34 03401
2025-07-30 23:36:16,car,0.8494914174079895,1G 34 0340
2025-07-30 23:36:16,car,0.898307740688324,1G 34 0340 
2025-07-30 23:36:16,car,0.7884573340415955,1G 34 0340
2025-07-30 23:36:16,car,0.8189054131507874,1G 34 0340
2025-07-30 23:36:17,car,0.728107750415802,1G 34 0340
2025-07-30 23:36:17,car,0.8812997937202454,1G 34 0340
2025-08-04 17:16:21,car,0.5884751081466675,TS08_
2025-08-04 17:16:22,car,0.6193422675132751,TS08JU0810
2025-08-04 17:16:23,car,0.5305975079536438,TS08JU0810
2025-08-04 17:16:28,car,0.7350626587867737,TS08JU08101
2025-08-04 17:16:29,car,0.6280479431152344,TS08JU0810
2025-08-04 17:16:30,car,0.5694065690040588,TSO8JU0810
2025-08-04 17:16:30,car,0.7719095349311829,TS08 JU0810]
2025-08-04 17:16:30,car,0.7314763069152832,TS08JU0810
2025-08-04 17:16:31,car,0.5046588778495789,TS08 JU0810]
2025-08-04 17:16:32,car,0.6283575892448425,TS08JU0810]
2025-08-04 17:16:32,car,0.8177210092544556,TS08JU08107
2025-08-04 17:16:33,car,0.8221644759178162,TS08JU08107
2025-08-04 17:24:14,car,0.7037490010261536,ETS08 JU0810
2025-08-04 17:24:15,car,0.6980688571929932,IS08JU08107
2025-08-04 17:24:15,car,0.8267870545387268,ETSO8 JU0810]
2025-08-04 17:24:16,car,0.6583989858627319,'TS08JU0810
2025-08-04 17:24:17,car,0.745180070400238,IS08JU0810
2025-08-04 17:24:24,car,0.7967379689216614,"AP 094Z,3515"
2025-08-04 17:24:24,car,0.8591969013214111,"AP 094Z,3515"
2025-08-04 17:24:25,car,0.8768255710601807,AP 0947 3515
2025-08-04 17:24:26,car,0.8550446629524231,"AP 0942,3515"
2025-08-04 17:24:26,car,0.8780849575996399,AP 094Z.3515
2025-08-04 17:24:27,car,0.8282950520515442,AP 09423515
2025-08-04 17:24:28,car,0.8495306372642517,AP094Z3515
2025-08-04 17:24:32,car,0.814295768737793,"AP 0942,3515"
2025-08-04 17:24:33,car,0.8956650495529175,"AP 0942,3515"
2025-08-04 17:24:33,car,0.9218923449516296,AP 09423515
2025-08-04 17:24:34,car,0.897179365158081,AP 094Z3515
2025-08-04 17:24:34,car,0.8794248700141907,AP 094Z3515
2025-08-04 17:24:38,car,0.8825166821479797,APOSCRO7S]
2025-08-04 17:24:38,car,0.9224556684494019,APO9CRO799 
2025-08-04 17:24:39,car,0.9167372584342957,APO9CR0799
2025-08-04 17:24:40,car,0.9260081648826599,APO9CRO799
2025-08-04 17:24:40,car,0.921707272529602,APO9CRO799
2025-08-04 17:25:44,car,0.6888945698738098,APO9CRO799
2025-08-04 17:25:44,car,0.8372467756271362,APO9CR0799
2025-08-04 17:25:45,car,0.8826835751533508,APO9CR0799
2025-08-04 17:25:45,car,0.8971877694129944,APO9CR0799
2025-08-04 17:25:46,car,0.747112512588501,APO9CR0799
2025-08-04 17:29:11,car,0.8505175113677979,APO9CRO799
2025-08-04 17:29:11,car,0.8538774251937866,APO9CR0799
2025-08-04 17:29:12,car,0.8753089308738708,APO9CR0799
2025-08-04 17:29:13,car,0.8228574395179749,APO9CR0799 
2025-08-04 17:29:13,car,0.8333520889282227,APO9CR0799
2025-08-04 17:29:22,bus,0.7261883020401001,GBLE 
2025-08-04 17:29:23,bus,0.6909439563751221,EBLUE GIED
2025-08-04 17:29:24,bus,0.8383339643478394,GBUD
2025-08-04 17:29:24,bus,0.7915463447570801,BBLE:
2025-08-04 17:29:25,bus,0.8382405638694763,EBLE
2025-08-04 17:29:25,bus,0.7919997572898865,EBLE
2025-08-04 17:29:26,bus,0.8095253109931946,OBLUE
2025-08-04 17:33:46,car,0.8279271721839905,TS08JU08
2025-08-04 17:33:48,car,0.7468488812446594,'TS08JUO810]
2025-08-04 17:33:48,car,0.7456090450286865,ISO8JU0810
2025-08-04 17:33:49,car,0.7016070485115051,TS08JU0810]
2025-08-04 17:34:16,car,0.765547513961792,AP09423515
2025-08-04 17:34:17,car,0.7679018378257751,"AP0942.3515,"
2025-08-04 17:34:18,car,0.7765432000160217,AP0942 3515}
2025-08-04 17:34:21,car,0.8635759353637695,APO9CR0799
2025-08-04 17:34:22,car,0.8545329570770264,APO9CRO799
2025-08-04 17:34:22,car,0.860929548740387,APO9CRO799
2025-08-04 17:34:23,car,0.8338251709938049,APO9CR0799
2025-08-04 17:34:30,car,0.5496159195899963,'TSOB JU0810
2025-08-04 17:34:31,car,0.5141409635543823,TS08
2025-08-04 17:34:32,car,0.7581933736801147,TS08JUOB -
2025-08-04 17:34:32,car,0.865215539932251,TS08
2025-08-04 17:35:31,bus,0.5239338874816895,PERSON
2025-08-07 16:33:25,car,0.5003551244735718,PERSON 166_
2025-08-07 16:33:26,car,0.5382576584815979,PERSEN
2025-08-07 16:33:27,car,0.5269481539726257,PERSET
2025-08-07 16:33:46,car,0.5427823066711426,GSON
